Unnamed: 0,Nilai
1,1.1674755633624132
2,1.5
3,-1.9413176016043434
4,4.042375094257058
5,0.6478287998712495
6,1.5
