Unnamed: 0,Nilai
4,4.042375094257058
2,1.5
6,1.5
1,1.1674755633624132
5,0.6478287998712495
